{
	"label_name_to_tag": [{
		"name": "restroom",
		"tag": "toilets"
	},
	{
		"name": "men's bathroom",
		"tag": "toilets"
	},
	{
		"name": "women's bathroom",
		"tag": "toilets"
	},
	{
		"name": "bathroom",
		"tag": "toilets"
	},
	{
		"name": "elevator",
		"tag": "elevator"
	},
	{
		"name": "escalator",
		"tag": "escalator"
	},
	{
		"name": "stairs",
		"tag": "stairs"
	}],
	"tag_to_label_anchor_category": [{
		"tag": "toilets",
		"label_anchor_category": "interior_facility_toilets"
	},
	{
		"tag": "elevator",
		"label_anchor_category": "interior_facility_elevator"
	},
	{
		"tag": "escalator",
		"label_anchor_category": "interior_facility_escalator"
	},
	{
		"tag": "stairs",
		"label_anchor_category": "interior_facility_stairs"
	},
    {
         "tag": "default",
         "label_anchor_category": "interior_unit_very_low_priority"
    },
    {
        "tag": "default",
        "label_anchor_category": "interior_unit_low_priority"
    },
    {
        "tag": "default",
        "label_anchor_category": "interior_unit_medium_priority"
    },
    {
        "tag": "default",
        "label_anchor_category": "interior_unit_high_priority"
    }
    ],
	"label_anchor_categories": [
    {
        "label_anchor_category": "interior_facility_stairs",
        "maximum_priority": -1
    },
    {
		"label_anchor_category": "interior_facility_escalator",
		"maximum_priority": -1
	},
    {
        "label_anchor_category": "interior_facility_elevator",
        "maximum_priority": -1
    },
    {
        "label_anchor_category": "interior_facility_toilets",
        "maximum_priority": -1
    },
    {
        "label_anchor_category": "interior_unit_very_low_priority",
        "maximum_priority": 75.0
    },
	{
		"label_anchor_category": "interior_unit_low_priority",
		"maximum_priority": 200.0
	},
	{
		"label_anchor_category": "interior_unit_medium_priority",
		"maximum_priority": 500.0
	},
	{
		"label_anchor_category": "interior_unit_high_priority",
		"maximum_priority": -1
	}]
}